[
    {
        "type": "text",
        "text": "国务院常务会议解读|我国部署深入实施“人工智能+”行动",
        "text_level": 1,
        "bbox": [
            132,
            128,
            870,
            190
        ],
        "page_idx": 0
    },
    {
        "type": "text",
        "text": "2025-07-31 21:55来源：新华社",
        "bbox": [
            351,
            210,
            640,
            227
        ],
        "page_idx": 0
    },
    {
        "type": "text",
        "text": "新华社北京7月31日电（记者魏玉坤）31日召开的国务院常务会议，审议通过《关于深入实施“人工智能+”行动的意见》。",
        "bbox": [
            122,
            281,
            873,
            321
        ],
        "page_idx": 0
    },
    {
        "type": "text",
        "text": "人工智能是新一轮科技革命和产业变革的重要驱动力量。随着人工智能技术日益成熟，人工智能与各行各业的协同发展日趋加速，“人工智能+”的概念深入人心。今年政府工作报告提出，“持续推进‘人工智能+’行动，将数字技术与制造优势、市场优势更好结合起来”。",
        "bbox": [
            127,
            336,
            875,
            417
        ],
        "page_idx": 0
    },
    {
        "type": "text",
        "text": "会议指出，当前人工智能技术加速迭代演进，要深入实施“人工智能+”行动，大力推进人工智能规模化商业化应用，充分发挥我国产业体系完备、市场规模大、应用场景丰富等优势，推动人工智能在经济社会发展各领域加快普及、深度融合，形成以创新带应用、以应用促创新的良性循环。",
        "bbox": [
            126,
            432,
            875,
            513
        ],
        "page_idx": 0
    },
    {
        "type": "text",
        "text": "“深入实施‘人工智能+’行动，加强人工智能与各领域广泛深度融合，将助力传统产业改造升级，开辟战略性新兴产业和未来产业发展新赛道，推动赋能高质量发展，促进全体人民共享人工智能发展红利。”国务院发展研究中心产业经济研究部副部长许召元说。",
        "bbox": [
            127,
            529,
            877,
            609
        ],
        "page_idx": 0
    },
    {
        "type": "text",
        "text": "政府部门和国有企业要强化示范引领，通过开放场景等支持技术落地；要着力优化人工智能创新生态，强化算力、算法和数据供给，加大政策支持力度，加强人才队伍建设，构建开源开放生态体系，为产业发展壮大提供有力支撑……会议作出多项部署。",
        "bbox": [
            126,
            625,
            877,
            706
        ],
        "page_idx": 0
    },
    {
        "type": "text",
        "text": "随着人工智能大模型、生成式人工智能等技术在各领域广泛应用，数据偏见、隐私泄露等风险也随之增加。会议强调，要提升安全能力水平，加快形成动态敏捷、多元协同的人工智能治理格局。",
        "bbox": [
            127,
            722,
            875,
            782
        ],
        "page_idx": 0
    },
    {
        "type": "text",
        "text": "“会议的系列部署方向清晰、务实有力，明确了人工智能行业发展路径，精准回应了市场关切，释放了积极的政策信号。”许召元表示。",
        "bbox": [
            126,
            799,
            875,
            837
        ],
        "page_idx": 0
    },
    {
        "type": "text",
        "text": "主办单位：国务院办公厅运行维护单位：中国政府网运行中心版权所有：中国政府网中文域名：中国政府网.政务网站标识码bm01000001京ICP备05070218号京公网安备11010202000001号",
        "bbox": [
            141,
            85,
            472,
            98
        ],
        "page_idx": 1
    },
    {
        "type": "text",
        "text": "",
        "bbox": [
            139,
            105,
            418,
            117
        ],
        "page_idx": 1
    },
    {
        "type": "text",
        "text": "",
        "bbox": [
            137,
            122,
            589,
            135
        ],
        "page_idx": 1
    }
]