{
    "pdf_info": [
        {
            "preproc_blocks": [
                {
                    "type": "title",
                    "bbox": [
                        79,
                        108,
                        518,
                        160
                    ],
                    "lines": [
                        {
                            "bbox": [
                                78,
                                109,
                                518,
                                134
                            ],
                            "spans": [
                                {
                                    "bbox": [
                                        78,
                                        109,
                                        518,
                                        134
                                    ],
                                    "score": 0.992,
                                    "content": "国务院常务会议解读|我国部署深入实施“人工智能",
                                    "type": "text"
                                }
                            ],
                            "index": 0
                        },
                        {
                            "bbox": [
                                259,
                                136,
                                338,
                                163
                            ],
                            "spans": [
                                {
                                    "bbox": [
                                        259,
                                        136,
                                        338,
                                        163
                                    ],
                                    "score": 0.988,
                                    "content": "+”行动",
                                    "type": "text"
                                }
                            ],
                            "index": 1
                        }
                    ],
                    "index": 0.5
                },
                {
                    "type": "text",
                    "bbox": [
                        209,
                        177,
                        381,
                        191
                    ],
                    "lines": [
                        {
                            "bbox": [
                                209,
                                178,
                                382,
                                191
                            ],
                            "spans": [
                                {
                                    "bbox": [
                                        209,
                                        178,
                                        382,
                                        191
                                    ],
                                    "score": 0.987,
                                    "content": "2025-07-31 21:55来源：新华社",
                                    "type": "text"
                                }
                            ],
                            "index": 2
                        }
                    ],
                    "index": 2
                },
                {
                    "type": "text",
                    "bbox": [
                        73,
                        237,
                        520,
                        270
                    ],
                    "lines": [
                        {
                            "bbox": [
                                100,
                                237,
                                521,
                                252
                            ],
                            "spans": [
                                {
                                    "bbox": [
                                        100,
                                        237,
                                        521,
                                        252
                                    ],
                                    "score": 1.0,
                                    "content": "新华社北京7月31日电（记者魏玉坤）31日召开的国务院常务会议，审议通",
                                    "type": "text"
                                }
                            ],
                            "index": 3
                        },
                        {
                            "bbox": [
                                75,
                                255,
                                337,
                                268
                            ],
                            "spans": [
                                {
                                    "bbox": [
                                        75,
                                        255,
                                        337,
                                        268
                                    ],
                                    "score": 1.0,
                                    "content": "过《关于深入实施“人工智能+”行动的意见》。",
                                    "type": "text"
                                }
                            ],
                            "index": 4
                        }
                    ],
                    "index": 3.5
                },
                {
                    "type": "text",
                    "bbox": [
                        76,
                        283,
                        521,
                        351
                    ],
                    "lines": [
                        {
                            "bbox": [
                                101,
                                284,
                                520,
                                298
                            ],
                            "spans": [
                                {
                                    "bbox": [
                                        101,
                                        284,
                                        520,
                                        298
                                    ],
                                    "score": 1.0,
                                    "content": "人工智能是新一轮科技革命和产业变革的重要驱动力量。随着人工智能技术",
                                    "type": "text"
                                }
                            ],
                            "index": 5
                        },
                        {
                            "bbox": [
                                77,
                                301,
                                520,
                                316
                            ],
                            "spans": [
                                {
                                    "bbox": [
                                        77,
                                        301,
                                        520,
                                        316
                                    ],
                                    "score": 1.0,
                                    "content": "日益成熟，人工智能与各行各业的协同发展日趋加速，“人工智能+”的概念深入",
                                    "type": "text"
                                }
                            ],
                            "index": 6
                        },
                        {
                            "bbox": [
                                77,
                                319,
                                520,
                                332
                            ],
                            "spans": [
                                {
                                    "bbox": [
                                        77,
                                        319,
                                        520,
                                        332
                                    ],
                                    "score": 0.997,
                                    "content": "人心。今年政府工作报告提出，“持续推进‘人工智能+’行动，将数字技术与制",
                                    "type": "text"
                                }
                            ],
                            "index": 7
                        },
                        {
                            "bbox": [
                                75,
                                336,
                                268,
                                350
                            ],
                            "spans": [
                                {
                                    "bbox": [
                                        75,
                                        336,
                                        268,
                                        350
                                    ],
                                    "score": 1.0,
                                    "content": "造优势、市场优势更好结合起来”。",
                                    "type": "text"
                                }
                            ],
                            "index": 8
                        }
                    ],
                    "index": 6.5
                },
                {
                    "type": "text",
                    "bbox": [
                        75,
                        364,
                        521,
                        432
                    ],
                    "lines": [
                        {
                            "bbox": [
                                100,
                                365,
                                520,
                                380
                            ],
                            "spans": [
                                {
                                    "bbox": [
                                        100,
                                        365,
                                        520,
                                        380
                                    ],
                                    "score": 0.999,
                                    "content": "会议指出，当前人工智能技术加速迭代演进，要深入实施“人工智能+”行",
                                    "type": "text"
                                }
                            ],
                            "index": 9
                        },
                        {
                            "bbox": [
                                75,
                                382,
                                520,
                                397
                            ],
                            "spans": [
                                {
                                    "bbox": [
                                        75,
                                        382,
                                        520,
                                        397
                                    ],
                                    "score": 1.0,
                                    "content": "动，大力推进人工智能规模化商业化应用，充分发挥我国产业体系完备、市场规",
                                    "type": "text"
                                }
                            ],
                            "index": 10
                        },
                        {
                            "bbox": [
                                75,
                                400,
                                521,
                                414
                            ],
                            "spans": [
                                {
                                    "bbox": [
                                        75,
                                        400,
                                        521,
                                        414
                                    ],
                                    "score": 1.0,
                                    "content": "模大、应用场景丰富等优势，推动人工智能在经济社会发展各领域加快普及、深",
                                    "type": "text"
                                }
                            ],
                            "index": 11
                        },
                        {
                            "bbox": [
                                76,
                                417,
                                381,
                                432
                            ],
                            "spans": [
                                {
                                    "bbox": [
                                        76,
                                        417,
                                        381,
                                        432
                                    ],
                                    "score": 1.0,
                                    "content": "度融合，形成以创新带应用、以应用促创新的良性循环。",
                                    "type": "text"
                                }
                            ],
                            "index": 12
                        }
                    ],
                    "index": 10.5
                },
                {
                    "type": "text",
                    "bbox": [
                        76,
                        445,
                        522,
                        513
                    ],
                    "lines": [
                        {
                            "bbox": [
                                104,
                                445,
                                520,
                                461
                            ],
                            "spans": [
                                {
                                    "bbox": [
                                        104,
                                        445,
                                        520,
                                        461
                                    ],
                                    "score": 0.997,
                                    "content": "“深入实施‘人工智能+’行动，加强人工智能与各领域广泛深度融合，将助",
                                    "type": "text"
                                }
                            ],
                            "index": 13
                        },
                        {
                            "bbox": [
                                77,
                                464,
                                520,
                                478
                            ],
                            "spans": [
                                {
                                    "bbox": [
                                        77,
                                        464,
                                        520,
                                        478
                                    ],
                                    "score": 1.0,
                                    "content": "力传统产业改造升级，开辟战略性新兴产业和未来产业发展新赛道，推动赋能高",
                                    "type": "text"
                                }
                            ],
                            "index": 14
                        },
                        {
                            "bbox": [
                                77,
                                481,
                                520,
                                495
                            ],
                            "spans": [
                                {
                                    "bbox": [
                                        77,
                                        481,
                                        520,
                                        495
                                    ],
                                    "score": 1.0,
                                    "content": "质量发展，促进全体人民共享人工智能发展红利。”国务院发展研究中心产业经",
                                    "type": "text"
                                }
                            ],
                            "index": 15
                        },
                        {
                            "bbox": [
                                75,
                                498,
                                221,
                                513
                            ],
                            "spans": [
                                {
                                    "bbox": [
                                        75,
                                        498,
                                        221,
                                        513
                                    ],
                                    "score": 1.0,
                                    "content": "济研究部副部长许召元说。",
                                    "type": "text"
                                }
                            ],
                            "index": 16
                        }
                    ],
                    "index": 14.5
                },
                {
                    "type": "text",
                    "bbox": [
                        75,
                        526,
                        522,
                        594
                    ],
                    "lines": [
                        {
                            "bbox": [
                                101,
                                528,
                                520,
                                541
                            ],
                            "spans": [
                                {
                                    "bbox": [
                                        101,
                                        528,
                                        520,
                                        541
                                    ],
                                    "score": 1.0,
                                    "content": "政府部门和国有企业要强化示范引领，通过开放场景等支持技术落地；要着",
                                    "type": "text"
                                }
                            ],
                            "index": 17
                        },
                        {
                            "bbox": [
                                75,
                                544,
                                520,
                                559
                            ],
                            "spans": [
                                {
                                    "bbox": [
                                        75,
                                        544,
                                        520,
                                        559
                                    ],
                                    "score": 1.0,
                                    "content": "力优化人工智能创新生态，强化算力、算法和数据供给，加大政策支持力度，加",
                                    "type": "text"
                                }
                            ],
                            "index": 18
                        },
                        {
                            "bbox": [
                                76,
                                562,
                                520,
                                577
                            ],
                            "spans": [
                                {
                                    "bbox": [
                                        76,
                                        562,
                                        520,
                                        577
                                    ],
                                    "score": 0.976,
                                    "content": "强人才队伍建设，构建开源开放生态体系，为产业发展壮大提供有力支撑……会",
                                    "type": "text"
                                }
                            ],
                            "index": 19
                        },
                        {
                            "bbox": [
                                76,
                                579,
                                171,
                                593
                            ],
                            "spans": [
                                {
                                    "bbox": [
                                        76,
                                        579,
                                        171,
                                        593
                                    ],
                                    "score": 1.0,
                                    "content": "议作出多项部署。",
                                    "type": "text"
                                }
                            ],
                            "index": 20
                        }
                    ],
                    "index": 18.5
                },
                {
                    "type": "text",
                    "bbox": [
                        76,
                        608,
                        521,
                        658
                    ],
                    "lines": [
                        {
                            "bbox": [
                                101,
                                609,
                                520,
                                622
                            ],
                            "spans": [
                                {
                                    "bbox": [
                                        101,
                                        609,
                                        520,
                                        622
                                    ],
                                    "score": 1.0,
                                    "content": "随着人工智能大模型、生成式人工智能等技术在各领域广泛应用，数据偏",
                                    "type": "text"
                                }
                            ],
                            "index": 21
                        },
                        {
                            "bbox": [
                                77,
                                625,
                                520,
                                640
                            ],
                            "spans": [
                                {
                                    "bbox": [
                                        77,
                                        625,
                                        520,
                                        640
                                    ],
                                    "score": 1.0,
                                    "content": "见、隐私泄露等风险也随之增加。会议强调，要提升安全能力水平，加快形成动",
                                    "type": "text"
                                }
                            ],
                            "index": 22
                        },
                        {
                            "bbox": [
                                75,
                                644,
                                294,
                                657
                            ],
                            "spans": [
                                {
                                    "bbox": [
                                        75,
                                        644,
                                        294,
                                        657
                                    ],
                                    "score": 1.0,
                                    "content": "态敏捷、多元协同的人工智能治理格局。",
                                    "type": "text"
                                }
                            ],
                            "index": 23
                        }
                    ],
                    "index": 22
                },
                {
                    "type": "text",
                    "bbox": [
                        75,
                        672,
                        521,
                        704
                    ],
                    "lines": [
                        {
                            "bbox": [
                                104,
                                671,
                                520,
                                687
                            ],
                            "spans": [
                                {
                                    "bbox": [
                                        104,
                                        671,
                                        520,
                                        687
                                    ],
                                    "score": 1.0,
                                    "content": "“会议的系列部署方向清晰、务实有力，明确了人工智能行业发展路径，精",
                                    "type": "text"
                                }
                            ],
                            "index": 24
                        },
                        {
                            "bbox": [
                                75,
                                690,
                                405,
                                703
                            ],
                            "spans": [
                                {
                                    "bbox": [
                                        75,
                                        690,
                                        405,
                                        703
                                    ],
                                    "score": 0.999,
                                    "content": "准回应了市场关切，释放了积极的政策信号。”许召元表示。",
                                    "type": "text"
                                }
                            ],
                            "index": 25
                        }
                    ],
                    "index": 24.5
                }
            ],
            "page_idx": 0,
            "page_size": [
                595,
                841
            ],
            "discarded_blocks": [
                {
                    "type": "discarded",
                    "bbox": [
                        26,
                        55,
                        254,
                        86
                    ],
                    "lines": [
                        {
                            "bbox": [
                                58,
                                56,
                                254,
                                75
                            ],
                            "spans": [
                                {
                                    "bbox": [
                                        58,
                                        56,
                                        254,
                                        75
                                    ],
                                    "score": 1.0,
                                    "content": "中华人民共和国中央人民政府",
                                    "type": "text"
                                }
                            ]
                        },
                        {
                            "bbox": [
                                59,
                                75,
                                107,
                                85
                            ],
                            "spans": [
                                {
                                    "bbox": [
                                        59,
                                        75,
                                        107,
                                        85
                                    ],
                                    "score": 0.998,
                                    "content": "www.gov.cn",
                                    "type": "text"
                                }
                            ]
                        }
                    ]
                },
                {
                    "type": "discarded",
                    "bbox": [
                        24,
                        819,
                        231,
                        828
                    ],
                    "lines": [
                        {
                            "bbox": [
                                22,
                                817,
                                232,
                                830
                            ],
                            "spans": [
                                {
                                    "bbox": [
                                        22,
                                        817,
                                        232,
                                        830
                                    ],
                                    "score": 0.998,
                                    "content": "https://www.gov.cn/zhengce/202507/content_7034734.htm",
                                    "type": "text"
                                }
                            ]
                        }
                    ]
                },
                {
                    "type": "discarded",
                    "bbox": [
                        23,
                        14,
                        82,
                        24
                    ],
                    "lines": [
                        {
                            "bbox": [
                                22,
                                14,
                                83,
                                25
                            ],
                            "spans": [
                                {
                                    "bbox": [
                                        22,
                                        14,
                                        83,
                                        25
                                    ],
                                    "score": 0.995,
                                    "content": "2025/9/10 10:37",
                                    "type": "text"
                                }
                            ]
                        }
                    ]
                },
                {
                    "type": "discarded",
                    "bbox": [
                        201,
                        15,
                        485,
                        26
                    ],
                    "lines": [
                        {
                            "bbox": [
                                200,
                                16,
                                483,
                                26
                            ],
                            "spans": [
                                {
                                    "bbox": [
                                        200,
                                        16,
                                        483,
                                        26
                                    ],
                                    "score": 0.983,
                                    "content": "国务院常务会议解读|我国部署深入实施\"人工智能+\"行动_政策解读_中国政府网",
                                    "type": "text"
                                }
                            ]
                        }
                    ]
                },
                {
                    "type": "discarded",
                    "bbox": [
                        560,
                        819,
                        572,
                        827
                    ],
                    "lines": []
                }
            ],
            "para_blocks": [
                {
                    "type": "title",
                    "bbox": [
                        79,
                        108,
                        518,
                        160
                    ],
                    "lines": [
                        {
                            "bbox": [
                                78,
                                109,
                                518,
                                134
                            ],
                            "spans": [
                                {
                                    "bbox": [
                                        78,
                                        109,
                                        518,
                                        134
                                    ],
                                    "score": 0.992,
                                    "content": "国务院常务会议解读|我国部署深入实施“人工智能",
                                    "type": "text"
                                }
                            ],
                            "index": 0
                        },
                        {
                            "bbox": [
                                259,
                                136,
                                338,
                                163
                            ],
                            "spans": [
                                {
                                    "bbox": [
                                        259,
                                        136,
                                        338,
                                        163
                                    ],
                                    "score": 0.988,
                                    "content": "+”行动",
                                    "type": "text"
                                }
                            ],
                            "index": 1
                        }
                    ],
                    "index": 0.5
                },
                {
                    "type": "text",
                    "bbox": [
                        209,
                        177,
                        381,
                        191
                    ],
                    "lines": [
                        {
                            "bbox": [
                                209,
                                178,
                                382,
                                191
                            ],
                            "spans": [
                                {
                                    "bbox": [
                                        209,
                                        178,
                                        382,
                                        191
                                    ],
                                    "score": 0.987,
                                    "content": "2025-07-31 21:55来源：新华社",
                                    "type": "text"
                                }
                            ],
                            "index": 2
                        }
                    ],
                    "index": 2,
                    "bbox_fs": [
                        209,
                        178,
                        382,
                        191
                    ]
                },
                {
                    "type": "text",
                    "bbox": [
                        73,
                        237,
                        520,
                        270
                    ],
                    "lines": [
                        {
                            "bbox": [
                                100,
                                237,
                                521,
                                252
                            ],
                            "spans": [
                                {
                                    "bbox": [
                                        100,
                                        237,
                                        521,
                                        252
                                    ],
                                    "score": 1.0,
                                    "content": "新华社北京7月31日电（记者魏玉坤）31日召开的国务院常务会议，审议通",
                                    "type": "text"
                                }
                            ],
                            "index": 3
                        },
                        {
                            "bbox": [
                                75,
                                255,
                                337,
                                268
                            ],
                            "spans": [
                                {
                                    "bbox": [
                                        75,
                                        255,
                                        337,
                                        268
                                    ],
                                    "score": 1.0,
                                    "content": "过《关于深入实施“人工智能+”行动的意见》。",
                                    "type": "text"
                                }
                            ],
                            "index": 4
                        }
                    ],
                    "index": 3.5,
                    "bbox_fs": [
                        75,
                        237,
                        521,
                        268
                    ]
                },
                {
                    "type": "text",
                    "bbox": [
                        76,
                        283,
                        521,
                        351
                    ],
                    "lines": [
                        {
                            "bbox": [
                                101,
                                284,
                                520,
                                298
                            ],
                            "spans": [
                                {
                                    "bbox": [
                                        101,
                                        284,
                                        520,
                                        298
                                    ],
                                    "score": 1.0,
                                    "content": "人工智能是新一轮科技革命和产业变革的重要驱动力量。随着人工智能技术",
                                    "type": "text"
                                }
                            ],
                            "index": 5
                        },
                        {
                            "bbox": [
                                77,
                                301,
                                520,
                                316
                            ],
                            "spans": [
                                {
                                    "bbox": [
                                        77,
                                        301,
                                        520,
                                        316
                                    ],
                                    "score": 1.0,
                                    "content": "日益成熟，人工智能与各行各业的协同发展日趋加速，“人工智能+”的概念深入",
                                    "type": "text"
                                }
                            ],
                            "index": 6
                        },
                        {
                            "bbox": [
                                77,
                                319,
                                520,
                                332
                            ],
                            "spans": [
                                {
                                    "bbox": [
                                        77,
                                        319,
                                        520,
                                        332
                                    ],
                                    "score": 0.997,
                                    "content": "人心。今年政府工作报告提出，“持续推进‘人工智能+’行动，将数字技术与制",
                                    "type": "text"
                                }
                            ],
                            "index": 7
                        },
                        {
                            "bbox": [
                                75,
                                336,
                                268,
                                350
                            ],
                            "spans": [
                                {
                                    "bbox": [
                                        75,
                                        336,
                                        268,
                                        350
                                    ],
                                    "score": 1.0,
                                    "content": "造优势、市场优势更好结合起来”。",
                                    "type": "text"
                                }
                            ],
                            "index": 8
                        }
                    ],
                    "index": 6.5,
                    "bbox_fs": [
                        75,
                        284,
                        520,
                        350
                    ]
                },
                {
                    "type": "text",
                    "bbox": [
                        75,
                        364,
                        521,
                        432
                    ],
                    "lines": [
                        {
                            "bbox": [
                                100,
                                365,
                                520,
                                380
                            ],
                            "spans": [
                                {
                                    "bbox": [
                                        100,
                                        365,
                                        520,
                                        380
                                    ],
                                    "score": 0.999,
                                    "content": "会议指出，当前人工智能技术加速迭代演进，要深入实施“人工智能+”行",
                                    "type": "text"
                                }
                            ],
                            "index": 9
                        },
                        {
                            "bbox": [
                                75,
                                382,
                                520,
                                397
                            ],
                            "spans": [
                                {
                                    "bbox": [
                                        75,
                                        382,
                                        520,
                                        397
                                    ],
                                    "score": 1.0,
                                    "content": "动，大力推进人工智能规模化商业化应用，充分发挥我国产业体系完备、市场规",
                                    "type": "text"
                                }
                            ],
                            "index": 10
                        },
                        {
                            "bbox": [
                                75,
                                400,
                                521,
                                414
                            ],
                            "spans": [
                                {
                                    "bbox": [
                                        75,
                                        400,
                                        521,
                                        414
                                    ],
                                    "score": 1.0,
                                    "content": "模大、应用场景丰富等优势，推动人工智能在经济社会发展各领域加快普及、深",
                                    "type": "text"
                                }
                            ],
                            "index": 11
                        },
                        {
                            "bbox": [
                                76,
                                417,
                                381,
                                432
                            ],
                            "spans": [
                                {
                                    "bbox": [
                                        76,
                                        417,
                                        381,
                                        432
                                    ],
                                    "score": 1.0,
                                    "content": "度融合，形成以创新带应用、以应用促创新的良性循环。",
                                    "type": "text"
                                }
                            ],
                            "index": 12
                        }
                    ],
                    "index": 10.5,
                    "bbox_fs": [
                        75,
                        365,
                        521,
                        432
                    ]
                },
                {
                    "type": "text",
                    "bbox": [
                        76,
                        445,
                        522,
                        513
                    ],
                    "lines": [
                        {
                            "bbox": [
                                104,
                                445,
                                520,
                                461
                            ],
                            "spans": [
                                {
                                    "bbox": [
                                        104,
                                        445,
                                        520,
                                        461
                                    ],
                                    "score": 0.997,
                                    "content": "“深入实施‘人工智能+’行动，加强人工智能与各领域广泛深度融合，将助",
                                    "type": "text"
                                }
                            ],
                            "index": 13
                        },
                        {
                            "bbox": [
                                77,
                                464,
                                520,
                                478
                            ],
                            "spans": [
                                {
                                    "bbox": [
                                        77,
                                        464,
                                        520,
                                        478
                                    ],
                                    "score": 1.0,
                                    "content": "力传统产业改造升级，开辟战略性新兴产业和未来产业发展新赛道，推动赋能高",
                                    "type": "text"
                                }
                            ],
                            "index": 14
                        },
                        {
                            "bbox": [
                                77,
                                481,
                                520,
                                495
                            ],
                            "spans": [
                                {
                                    "bbox": [
                                        77,
                                        481,
                                        520,
                                        495
                                    ],
                                    "score": 1.0,
                                    "content": "质量发展，促进全体人民共享人工智能发展红利。”国务院发展研究中心产业经",
                                    "type": "text"
                                }
                            ],
                            "index": 15
                        },
                        {
                            "bbox": [
                                75,
                                498,
                                221,
                                513
                            ],
                            "spans": [
                                {
                                    "bbox": [
                                        75,
                                        498,
                                        221,
                                        513
                                    ],
                                    "score": 1.0,
                                    "content": "济研究部副部长许召元说。",
                                    "type": "text"
                                }
                            ],
                            "index": 16
                        }
                    ],
                    "index": 14.5,
                    "bbox_fs": [
                        75,
                        445,
                        520,
                        513
                    ]
                },
                {
                    "type": "text",
                    "bbox": [
                        75,
                        526,
                        522,
                        594
                    ],
                    "lines": [
                        {
                            "bbox": [
                                101,
                                528,
                                520,
                                541
                            ],
                            "spans": [
                                {
                                    "bbox": [
                                        101,
                                        528,
                                        520,
                                        541
                                    ],
                                    "score": 1.0,
                                    "content": "政府部门和国有企业要强化示范引领，通过开放场景等支持技术落地；要着",
                                    "type": "text"
                                }
                            ],
                            "index": 17
                        },
                        {
                            "bbox": [
                                75,
                                544,
                                520,
                                559
                            ],
                            "spans": [
                                {
                                    "bbox": [
                                        75,
                                        544,
                                        520,
                                        559
                                    ],
                                    "score": 1.0,
                                    "content": "力优化人工智能创新生态，强化算力、算法和数据供给，加大政策支持力度，加",
                                    "type": "text"
                                }
                            ],
                            "index": 18
                        },
                        {
                            "bbox": [
                                76,
                                562,
                                520,
                                577
                            ],
                            "spans": [
                                {
                                    "bbox": [
                                        76,
                                        562,
                                        520,
                                        577
                                    ],
                                    "score": 0.976,
                                    "content": "强人才队伍建设，构建开源开放生态体系，为产业发展壮大提供有力支撑……会",
                                    "type": "text"
                                }
                            ],
                            "index": 19
                        },
                        {
                            "bbox": [
                                76,
                                579,
                                171,
                                593
                            ],
                            "spans": [
                                {
                                    "bbox": [
                                        76,
                                        579,
                                        171,
                                        593
                                    ],
                                    "score": 1.0,
                                    "content": "议作出多项部署。",
                                    "type": "text"
                                }
                            ],
                            "index": 20
                        }
                    ],
                    "index": 18.5,
                    "bbox_fs": [
                        75,
                        528,
                        520,
                        593
                    ]
                },
                {
                    "type": "text",
                    "bbox": [
                        76,
                        608,
                        521,
                        658
                    ],
                    "lines": [
                        {
                            "bbox": [
                                101,
                                609,
                                520,
                                622
                            ],
                            "spans": [
                                {
                                    "bbox": [
                                        101,
                                        609,
                                        520,
                                        622
                                    ],
                                    "score": 1.0,
                                    "content": "随着人工智能大模型、生成式人工智能等技术在各领域广泛应用，数据偏",
                                    "type": "text"
                                }
                            ],
                            "index": 21
                        },
                        {
                            "bbox": [
                                77,
                                625,
                                520,
                                640
                            ],
                            "spans": [
                                {
                                    "bbox": [
                                        77,
                                        625,
                                        520,
                                        640
                                    ],
                                    "score": 1.0,
                                    "content": "见、隐私泄露等风险也随之增加。会议强调，要提升安全能力水平，加快形成动",
                                    "type": "text"
                                }
                            ],
                            "index": 22
                        },
                        {
                            "bbox": [
                                75,
                                644,
                                294,
                                657
                            ],
                            "spans": [
                                {
                                    "bbox": [
                                        75,
                                        644,
                                        294,
                                        657
                                    ],
                                    "score": 1.0,
                                    "content": "态敏捷、多元协同的人工智能治理格局。",
                                    "type": "text"
                                }
                            ],
                            "index": 23
                        }
                    ],
                    "index": 22,
                    "bbox_fs": [
                        75,
                        609,
                        520,
                        657
                    ]
                },
                {
                    "type": "text",
                    "bbox": [
                        75,
                        672,
                        521,
                        704
                    ],
                    "lines": [
                        {
                            "bbox": [
                                104,
                                671,
                                520,
                                687
                            ],
                            "spans": [
                                {
                                    "bbox": [
                                        104,
                                        671,
                                        520,
                                        687
                                    ],
                                    "score": 1.0,
                                    "content": "“会议的系列部署方向清晰、务实有力，明确了人工智能行业发展路径，精",
                                    "type": "text"
                                }
                            ],
                            "index": 24
                        },
                        {
                            "bbox": [
                                75,
                                690,
                                405,
                                703
                            ],
                            "spans": [
                                {
                                    "bbox": [
                                        75,
                                        690,
                                        405,
                                        703
                                    ],
                                    "score": 0.999,
                                    "content": "准回应了市场关切，释放了积极的政策信号。”许召元表示。",
                                    "type": "text"
                                }
                            ],
                            "index": 25
                        }
                    ],
                    "index": 24.5,
                    "bbox_fs": [
                        75,
                        671,
                        520,
                        703
                    ]
                }
            ]
        },
        {
            "preproc_blocks": [
                {
                    "type": "text",
                    "bbox": [
                        84,
                        72,
                        281,
                        83
                    ],
                    "lines": [
                        {
                            "bbox": [
                                84,
                                74,
                                281,
                                83
                            ],
                            "spans": [
                                {
                                    "bbox": [
                                        84,
                                        74,
                                        281,
                                        83
                                    ],
                                    "score": 1.0,
                                    "content": "主办单位：国务院办公厅运行维护单位：中国政府网运行中心",
                                    "type": "text"
                                }
                            ],
                            "index": 0
                        }
                    ],
                    "index": 0
                },
                {
                    "type": "text",
                    "bbox": [
                        83,
                        89,
                        249,
                        99
                    ],
                    "lines": [
                        {
                            "bbox": [
                                83,
                                89,
                                248,
                                99
                            ],
                            "spans": [
                                {
                                    "bbox": [
                                        83,
                                        89,
                                        248,
                                        99
                                    ],
                                    "score": 1.0,
                                    "content": "版权所有：中国政府网中文域名：中国政府网.政务",
                                    "type": "text"
                                }
                            ],
                            "index": 1
                        }
                    ],
                    "index": 1
                },
                {
                    "type": "text",
                    "bbox": [
                        82,
                        103,
                        351,
                        114
                    ],
                    "lines": [
                        {
                            "bbox": [
                                83,
                                104,
                                350,
                                114
                            ],
                            "spans": [
                                {
                                    "bbox": [
                                        83,
                                        104,
                                        350,
                                        114
                                    ],
                                    "score": 0.999,
                                    "content": "网站标识码bm01000001京ICP备05070218号京公网安备11010202000001号",
                                    "type": "text"
                                }
                            ],
                            "index": 2
                        }
                    ],
                    "index": 2
                }
            ],
            "page_idx": 1,
            "page_size": [
                595,
                841
            ],
            "discarded_blocks": [
                {
                    "type": "discarded",
                    "bbox": [
                        24,
                        819,
                        231,
                        828
                    ],
                    "lines": [
                        {
                            "bbox": [
                                22,
                                817,
                                232,
                                830
                            ],
                            "spans": [
                                {
                                    "bbox": [
                                        22,
                                        817,
                                        232,
                                        830
                                    ],
                                    "score": 0.998,
                                    "content": "https://www.gov.cn/zhengce/202507/content_7034734.htm",
                                    "type": "text"
                                }
                            ]
                        }
                    ]
                },
                {
                    "type": "discarded",
                    "bbox": [
                        560,
                        819,
                        572,
                        827
                    ],
                    "lines": [
                        {
                            "bbox": [
                                558,
                                817,
                                574,
                                830
                            ],
                            "spans": [
                                {
                                    "bbox": [
                                        558,
                                        817,
                                        574,
                                        830
                                    ],
                                    "score": 0.996,
                                    "content": "2/2",
                                    "type": "text"
                                }
                            ]
                        }
                    ]
                },
                {
                    "type": "discarded",
                    "bbox": [
                        23,
                        14,
                        82,
                        24
                    ],
                    "lines": [
                        {
                            "bbox": [
                                22,
                                14,
                                83,
                                25
                            ],
                            "spans": [
                                {
                                    "bbox": [
                                        22,
                                        14,
                                        83,
                                        25
                                    ],
                                    "score": 0.995,
                                    "content": "2025/9/10 10:37",
                                    "type": "text"
                                }
                            ]
                        }
                    ]
                },
                {
                    "type": "discarded",
                    "bbox": [
                        200,
                        15,
                        485,
                        26
                    ],
                    "lines": [
                        {
                            "bbox": [
                                200,
                                16,
                                483,
                                26
                            ],
                            "spans": [
                                {
                                    "bbox": [
                                        200,
                                        16,
                                        378,
                                        26
                                    ],
                                    "score": 0.979,
                                    "content": "国务院常务会议解读我国部署深入实施\"人工智能",
                                    "type": "text"
                                },
                                {
                                    "bbox": [
                                        378,
                                        16,
                                        384,
                                        24
                                    ],
                                    "score": 0.32,
                                    "content": "+ \\mathrm { \\prime }",
                                    "type": "inline_equation"
                                },
                                {
                                    "bbox": [
                                        384,
                                        16,
                                        483,
                                        26
                                    ],
                                    "score": 0.999,
                                    "content": "行动_政策解读_中国政府网",
                                    "type": "text"
                                }
                            ]
                        }
                    ]
                },
                {
                    "type": "discarded",
                    "bbox": [
                        27,
                        67,
                        76,
                        127
                    ],
                    "lines": [
                        {
                            "bbox": [
                                42,
                                65,
                                65,
                                96
                            ],
                            "spans": [
                                {
                                    "bbox": [
                                        42,
                                        65,
                                        65,
                                        96
                                    ],
                                    "score": 0.919,
                                    "content": "中",
                                    "type": "text"
                                }
                            ]
                        },
                        {
                            "bbox": [
                                30,
                                105,
                                69,
                                125
                            ],
                            "spans": [
                                {
                                    "bbox": [
                                        30,
                                        105,
                                        50,
                                        125
                                    ],
                                    "score": 0.524,
                                    "content": "5",
                                    "type": "text"
                                },
                                {
                                    "bbox": [
                                        47,
                                        106,
                                        69,
                                        119
                                    ],
                                    "score": 0.869,
                                    "content": "适老化",
                                    "type": "text"
                                }
                            ]
                        },
                        {
                            "bbox": [
                                44,
                                113,
                                73,
                                124
                            ],
                            "spans": [
                                {
                                    "bbox": [
                                        44,
                                        113,
                                        73,
                                        124
                                    ],
                                    "score": 0.816,
                                    "content": "无障碍服务",
                                    "type": "text"
                                }
                            ]
                        }
                    ]
                }
            ],
            "para_blocks": [
                {
                    "type": "text",
                    "bbox": [
                        84,
                        72,
                        281,
                        83
                    ],
                    "lines": [
                        {
                            "bbox": [
                                84,
                                74,
                                281,
                                83
                            ],
                            "spans": [
                                {
                                    "bbox": [
                                        84,
                                        74,
                                        281,
                                        83
                                    ],
                                    "score": 1.0,
                                    "content": "主办单位：国务院办公厅运行维护单位：中国政府网运行中心",
                                    "type": "text"
                                }
                            ],
                            "index": 0
                        },
                        {
                            "bbox": [
                                83,
                                89,
                                248,
                                99
                            ],
                            "spans": [
                                {
                                    "bbox": [
                                        83,
                                        89,
                                        248,
                                        99
                                    ],
                                    "score": 1.0,
                                    "content": "版权所有：中国政府网中文域名：中国政府网.政务",
                                    "type": "text"
                                }
                            ],
                            "index": 1
                        },
                        {
                            "bbox": [
                                83,
                                104,
                                350,
                                114
                            ],
                            "spans": [
                                {
                                    "bbox": [
                                        83,
                                        104,
                                        350,
                                        114
                                    ],
                                    "score": 0.999,
                                    "content": "网站标识码bm01000001京ICP备05070218号京公网安备11010202000001号",
                                    "type": "text"
                                }
                            ],
                            "index": 2
                        }
                    ],
                    "index": 0,
                    "bbox_fs": [
                        84,
                        74,
                        281,
                        83
                    ]
                },
                {
                    "type": "text",
                    "bbox": [
                        83,
                        89,
                        249,
                        99
                    ],
                    "lines": [],
                    "index": 1,
                    "bbox_fs": [
                        83,
                        89,
                        248,
                        99
                    ],
                    "lines_deleted": true
                },
                {
                    "type": "text",
                    "bbox": [
                        82,
                        103,
                        351,
                        114
                    ],
                    "lines": [],
                    "index": 2,
                    "bbox_fs": [
                        83,
                        104,
                        350,
                        114
                    ],
                    "lines_deleted": true
                }
            ]
        }
    ],
    "_backend": "pipeline",
    "_version_name": "2.5.4"
}