[
    {
        "type": "text",
        "text": "重大部署！中国“人工智能 $+ \\prime$ 行动“路线图”来了",
        "text_level": 1,
        "bbox": [
            136,
            129,
            863,
            158
        ],
        "page_idx": 0
    },
    {
        "type": "text",
        "text": "2025-08-26 22:05来源：新华社",
        "bbox": [
            351,
            177,
            640,
            193
        ],
        "page_idx": 0
    },
    {
        "type": "text",
        "text": "新华社北京8月26日电题：重大部署！中国“人工智能+”行动“路线图”来了",
        "bbox": [
            127,
            248,
            865,
            286
        ],
        "page_idx": 0
    },
    {
        "type": "text",
        "text": "新华社记者 魏玉坤",
        "bbox": [
            168,
            303,
            349,
            322
        ],
        "page_idx": 0
    },
    {
        "type": "text",
        "text": "8月26日，“人工智能+”行动迎来重要进展：国务院印发的《关于深入实施“人工智能+”行动的意见》对外发布，明确了实施“人工智能+”行动的总体要求、发展目标和重点方向。",
        "bbox": [
            129,
            337,
            875,
            397
        ],
        "page_idx": 0
    },
    {
        "type": "text",
        "text": "人工智能作为引领新一轮科技革命和产业变革的颠覆性技术，已成为国际竞争的新焦点和经济发展的强大引擎。",
        "bbox": [
            127,
            413,
            872,
            451
        ],
        "page_idx": 0
    },
    {
        "type": "text",
        "text": "当前，我国人工智能与各行各业的协同发展日趋加速，“人工智能+”的概念深入人心。2024年，“人工智能+”行动首次被写入政府工作报告。今年政府工作报告提出，持续推进“人工智能+”行动。",
        "bbox": [
            126,
            468,
            873,
            527
        ],
        "page_idx": 0
    },
    {
        "type": "text",
        "text": "意见深刻把握人工智能技术和产业演进规律，明确了我国实施“人工智能+”行动的阶段性目标：",
        "bbox": [
            127,
            544,
            868,
            582
        ],
        "page_idx": 0
    },
    {
        "type": "text",
        "text": "到2027年，新一代智能终端、智能体等应用普及率超 $7 0 \\%$ ，智能经济核心产业规模快速增长；到2030年，新一代智能终端、智能体等应用普及率超 $9 0 \\%$ ，智能经济成为我国经济发展的重要增长极；到2035年，我国全面步入智能经济和智能社会发展新阶段。",
        "bbox": [
            126,
            599,
            877,
            680
        ],
        "page_idx": 0
    },
    {
        "type": "text",
        "text": "实施“人工智能+”行动是一项系统工程。如何实现上述阶段性目标？",
        "bbox": [
            166,
            696,
            798,
            714
        ],
        "page_idx": 0
    },
    {
        "type": "text",
        "text": "意见部署了6大重点行动，即“人工智能+”科学技术、“人工智能+”产业发展、“人工智能+”消费提质、“人工智能+”民生福祉、“人工智能+”治理能力、“人工智能+”全球合作。",
        "bbox": [
            126,
            730,
            875,
            789
        ],
        "page_idx": 0
    },
    {
        "type": "text",
        "text": "具体来看，意见以行业应用需求为牵引，统筹国内和国际，部署了一系列务实举措：",
        "bbox": [
            124,
            806,
            873,
            845
        ],
        "page_idx": 0
    },
    {
        "type": "text",
        "text": "大力发展智能网联汽车、人工智能手机和电脑、智能机器人、智能家居、智能穿戴等新一代智能终端；构建智能化情景交互学习模式，推动开展方式更灵活、资源更丰富的自主学习；有序推动人工智能在辅助诊疗、健康管理、医保服务等场景的应用；有序推动市政基础设施智能化改造升级…",
        "bbox": [
            127,
            862,
            873,
            901
        ],
        "page_idx": 0
    },
    {
        "type": "text",
        "text": "",
        "bbox": [
            124,
            67,
            875,
            107
        ],
        "page_idx": 1
    },
    {
        "type": "text",
        "text": "系列部署聚焦产业、消费等重点领域，提出了具体实施路径，突出让市场有方向、有信心、有体感、有加速度，为各方进一步推动人工智能应用落地指明了方向。",
        "bbox": [
            127,
            123,
            873,
            183
        ],
        "page_idx": 1
    },
    {
        "type": "text",
        "text": "此外，意见结合内外部形势变化，提出强化8项基础支撑能力，包括提升模型基础能力、加强数据供给创新、强化智能算力统筹、优化应用发展环境、促进开源生态繁荣、加强人才队伍建设、强化政策法规保障、提升安全能力水平等。",
        "bbox": [
            127,
            198,
            875,
            258
        ],
        "page_idx": 1
    },
    {
        "type": "text",
        "text": "意见的这一系列重要部署释放了以人工智能应用发展的确定性，应对技术和外部环境急剧变化的不确定性的鲜明信号。",
        "bbox": [
            126,
            274,
            875,
            312
        ],
        "page_idx": 1
    },
    {
        "type": "text",
        "text": "“紧抓新一轮科技革命和产业变革机遇，以‘人工智能+’为牵引，加快培育新质生产力，必将为以中国式现代化全面推进强国建设、民族复兴伟业提供更加坚实有力的支撑。”中国工程院院士、西安交通大学教授郑南宁说。",
        "bbox": [
            126,
            329,
            875,
            388
        ],
        "page_idx": 1
    }
]